Time ,Sample,Type
00:00.1,18,N
00:00.2,77,N
00:01.0,370,N
00:01.8,662,N
00:02.6,946,N
00:03.4,1231,N
00:04.2,1515,N
00:05.0,1809,N
00:05.7,2044,A
00:06.7,2402,N
00:07.5,2706,N
00:08.3,2998,N
00:09.1,3282,N
00:09.9,3560,N
00:10.7,3862,N
00:11.6,4170,N
00:12.4,4466,N
00:13.2,4764,N
00:14.1,5060,N
00:14.9,5346,N
00:15.6,5633,N
00:16.4,5918,N
00:17.3,6214,N
00:18.1,6527,N
00:19.0,6823,N
00:19.7,7106,N
00:20.5,7391,N
00:21.3,7670,N
00:22.1,7953,N
00:22.9,8245,N
00:23.7,8539,N
00:24.5,8837,N
00:25.4,9141,N
00:26.2,9431,N
00:27.0,9710,N
00:27.8,9998,N
00:28.6,10282,N
00:29.4,10591,N
00:30.3,10894,N
00:31.1,11191,N
00:31.9,11480,N
00:32.7,11781,N
00:33.5,12066,N
00:34.3,12350,N
00:35.1,12645,N
00:36.0,12949,N
00:36.8,13266,N
00:37.7,13562,N
00:38.5,13842,N
00:39.3,14131,N
00:40.1,14423,N
00:40.9,14710,N
00:41.7,15011,N
00:42.5,15310,N
00:43.4,15607,N
00:44.2,15899,N
00:45.0,16183,N
00:45.7,16464,N
00:46.5,16755,N
00:47.4,17058,N
00:48.2,17358,N
00:49.0,17657,N
00:49.9,17947,N
00:50.6,18227,N
00:51.4,18514,N
00:52.2,18795,N
00:53.0,19080,N
00:53.9,19388,N
00:54.7,19693,N
00:55.5,19989,N
00:56.3,20271,N
00:57.1,20554,N
00:57.9,20837,N
00:58.7,21131,N
00:59.5,21423,N
01:00.4,21729,N
01:01.2,22029,N
01:02.0,22321,N
01:02.8,22603,N
01:03.6,22881,N
01:04.3,23164,N
01:05.1,23453,N
01:06.0,23756,N
01:06.8,24053,N
01:07.6,24345,N
01:08.4,24625,N
01:09.2,24913,N
01:10.0,25197,N
01:10.8,25485,N
01:11.6,25779,N
01:12.5,26088,N
01:13.3,26387,N
01:14.1,26670,N
01:14.9,26952,N
01:15.7,27237,N
01:16.5,27536,N
01:17.3,27833,N
01:18.1,28132,N
01:19.0,28431,N
01:19.8,28727,N
01:20.6,29014,N
01:21.4,29294,N
01:22.2,29580,N
01:23.0,29873,N
01:23.8,30182,N
01:24.7,30487,N
01:25.5,30779,N
01:26.3,31065,N
01:27.1,31348,N
01:27.9,31635,N
01:28.7,31927,N
01:29.5,32224,N
01:30.4,32529,N
01:31.2,32836,N
01:32.0,33127,N
01:32.8,33403,N
01:33.6,33691,N
01:34.4,33980,N
01:35.2,34274,N
01:36.0,34575,N
01:36.9,34870,N
01:37.7,35168,N
01:38.5,35455,N
01:39.3,35736,N
01:40.0,36016,N
01:40.9,36309,N
01:41.7,36605,N
01:42.5,36916,N
01:43.4,37215,N
01:44.2,37499,N
01:45.0,37782,N
01:45.8,38071,N
01:46.5,38356,N
01:47.4,38651,N
01:48.2,38950,N
01:49.0,39252,N
01:49.9,39547,N
01:50.6,39825,N
01:51.4,40096,N
01:52.2,40382,N
01:53.0,40677,N
01:53.8,40970,N
01:54.6,41271,N
01:55.5,41567,N
01:56.2,41849,N
01:57.0,42117,N
01:57.8,42416,N
01:58.6,42697,N
01:59.4,42996,N
02:00.3,43307,N
02:01.1,43603,N
02:01.9,43892,N
02:02.7,44172,N
02:03.5,44455,N
02:04.3,44743,N
02:05.1,45030,N
02:05.9,45323,N
02:06.7,45628,N
02:07.6,45925,N
02:08.3,46204,N
02:09.1,46478,N
02:09.9,46759,N
02:10.7,47037,N
02:11.5,47334,N
02:12.3,47632,N
02:13.1,47919,N
02:13.9,48202,N
02:14.7,48486,N
02:15.5,48766,N
02:16.2,49040,N
02:17.0,49323,N
02:17.8,49618,N
02:18.7,49923,N
02:19.5,50214,N
02:20.3,50491,N
02:21.0,50771,N
02:21.8,51056,N
02:22.6,51339,N
02:23.4,51626,N
02:24.2,51921,N
02:25.0,52216,N
02:25.8,52506,N
02:26.6,52784,N
02:27.4,53063,N
02:28.2,53341,N
02:29.0,53631,N
02:29.8,53923,N
02:30.6,54219,N
02:31.4,54507,N
02:32.2,54784,N
02:33.0,55064,N
02:33.7,55343,N
02:34.5,55625,N
02:35.3,55908,N
02:36.1,56207,N
02:36.9,56502,N
02:37.7,56784,N
02:38.5,57055,N
02:39.3,57333,N
02:40.0,57615,N
02:40.8,57900,N
02:41.6,58192,N
02:42.5,58490,N
02:43.3,58788,N
02:44.1,59077,N
02:44.9,59354,N
02:45.6,59631,N
02:46.4,59919,N
02:47.3,60214,N
02:48.1,60515,N
02:48.9,60817,N
02:49.7,61105,N
02:50.5,61391,N
02:51.3,61680,N
02:52.1,61963,N
02:52.9,62247,N
02:53.7,62547,N
02:54.6,62852,N
02:55.4,63154,N
02:56.2,63438,N
02:57.0,63711,N
02:57.8,63998,N
02:58.6,64288,N
02:59.4,64581,N
03:00.2,64876,N
03:01.0,65174,N
03:01.8,65464,N
03:02.6,65750,N
03:03.4,66030,N
03:04.2,66307,N
03:05.0,66604,N
03:05.5,66792,A
03:06.5,67130,N
03:07.3,67434,N
03:08.1,67728,N
03:08.9,68007,N
03:09.7,68302,N
03:10.5,68594,N
03:11.3,68886,N
03:12.2,69191,N
03:13.1,69503,N
03:13.9,69796,N
03:14.6,70073,N
03:15.4,70357,N
03:16.2,70643,N
03:17.1,70941,N
03:17.9,71240,N
03:18.7,71539,N
03:19.6,71845,N
03:20.4,72138,N
03:21.2,72417,N
03:22.0,72703,N
03:22.8,72998,N
03:23.6,73301,N
03:24.5,73611,N
03:25.3,73911,N
03:26.1,74196,N
03:26.9,74483,N
03:27.7,74767,N
03:28.3,74986,A
03:29.3,75332,N
03:30.1,75632,N
03:30.9,75934,N
03:31.8,76233,N
03:32.5,76515,N
03:33.3,76785,N
03:34.1,77074,N
03:34.9,77366,N
03:35.7,77663,N
03:36.5,77954,N
03:37.4,78251,N
03:38.2,78539,N
03:39.0,78824,N
03:39.7,79100,N
03:40.5,79386,N
03:41.4,79689,N
03:42.2,79991,N
03:43.0,80290,N
03:43.8,80583,N
03:44.6,80868,N
03:45.4,81152,N
03:46.2,81439,N
03:47.0,81730,N
03:47.9,82030,N
03:48.7,82335,N
03:49.5,82636,N
03:50.4,82927,N
03:51.1,83209,N
03:51.9,83492,N
03:52.8,83794,N
03:53.6,84103,N
03:54.5,84407,N
03:55.3,84709,N
03:56.1,85010,N
03:57.0,85303,N
03:57.7,85580,N
03:58.5,85870,N
03:59.4,86171,N
04:00.2,86478,N
04:01.1,86780,N
04:01.9,87079,N
04:02.7,87364,N
04:03.5,87652,N
04:04.3,87941,N
04:05.1,88232,N
04:05.9,88530,N
04:06.8,88834,N
04:07.6,89135,N
04:08.4,89421,N
04:09.2,89703,N
04:10.0,89988,N
04:10.8,90286,N
04:11.6,90590,N
04:12.5,90885,N
04:13.3,91190,N
04:14.1,91481,N
04:14.9,91761,N
04:15.7,92046,N
04:16.5,92338,N
04:17.3,92633,N
04:18.2,92944,N
04:19.0,93246,N
04:19.8,93534,N
04:20.6,93824,N
04:21.4,94102,N
04:22.2,94395,N
04:23.0,94693,N
04:23.9,94996,N
04:24.7,95298,N
04:25.6,95606,N
04:26.4,95893,N
04:27.1,96171,N
04:27.9,96450,N
04:28.7,96746,N
04:29.6,97050,N
04:30.4,97348,N
04:31.2,97644,N
04:32.0,97936,N
04:32.9,98228,N
04:33.6,98508,N
04:34.4,98789,N
04:35.2,99084,N
04:36.1,99382,N
04:36.6,99579,A
04:37.6,99930,N
04:38.4,100218,N
04:39.2,100496,N
04:39.9,100781,N
04:40.8,101071,N
04:41.6,101361,N
04:42.4,101653,N
04:43.2,101941,N
04:44.0,102234,N
04:44.8,102516,N
04:45.5,102793,N
04:46.3,103074,N
04:47.1,103371,N
04:48.0,103669,N
04:48.8,103964,N
04:49.6,104261,N
04:50.4,104545,N
04:51.2,104830,N
04:52.0,105118,N
04:52.8,105407,N
04:53.6,105707,N
04:54.5,106015,N
04:55.3,106314,N
04:56.1,106600,N
04:56.9,106882,N
04:57.7,107159,N
04:58.5,107453,N
04:59.3,107750,N
05:00.1,108045,N
05:00.9,108342,N
05:01.8,108643,N
05:02.6,108926,N
05:03.3,109199,N
05:04.1,109486,N
05:04.9,109772,N
05:05.8,110076,N
05:06.6,110374,N
05:07.4,110673,N
05:08.2,110963,N
05:09.0,111244,N
05:09.8,111524,N
05:10.6,111810,N
05:11.4,112108,N
05:12.2,112405,N
05:13.1,112710,N
05:13.9,113000,N
05:14.7,113281,N
05:15.5,113562,N
05:16.2,113850,N
05:17.1,114142,N
05:17.9,114428,N
05:18.7,114716,N
05:19.4,115000,N
05:20.2,115280,N
05:21.0,115547,N
05:21.7,115815,N
05:22.5,116084,N
05:23.2,116369,N
05:24.0,116654,N
05:24.8,116939,N
05:25.6,117213,N
05:26.4,117494,N
05:27.1,117766,N
05:27.9,118044,N
05:28.7,118323,N
05:29.5,118607,N
05:30.3,118911,N
05:31.2,119215,N
05:32.0,119509,N
05:32.8,119791,N
05:33.5,120077,N
05:34.4,120376,N
05:35.2,120676,N
05:36.1,120990,N
05:36.9,121300,N
05:37.8,121604,N
05:38.6,121889,N
05:39.4,122170,N
05:40.2,122460,N
05:41.0,122750,N
05:41.8,123050,N
05:42.7,123360,N
05:43.5,123664,N
05:44.3,123936,N
05:45.1,124221,N
05:45.9,124507,N
05:46.6,124775,N
05:47.4,125060,N
05:48.2,125355,N
05:49.0,125648,N
05:49.8,125926,N
05:50.6,126203,N
05:51.3,126476,N
05:52.1,126746,N
05:52.8,127025,N
05:53.6,127313,N
05:54.5,127603,N
05:55.3,127892,N
05:55.8,128085,A
05:56.7,128423,N
05:57.5,128698,N
05:58.2,128958,N
05:59.0,129230,N
05:59.8,129519,N
06:00.6,129798,N
06:01.3,130057,N
06:02.0,130318,N
06:02.7,130568,N
06:03.4,130818,N
06:04.1,131073,N
06:04.8,131326,N
06:05.5,131584,N
06:06.3,131851,N
06:07.0,132122,N
06:07.7,132381,N
06:08.4,132629,N
06:09.1,132883,N
06:09.8,133132,N
06:10.5,133390,N
06:11.3,133662,N
06:12.0,133933,N
06:12.8,134197,N
06:13.5,134463,N
06:14.3,134737,N
06:15.0,134990,N
06:15.7,135243,N
06:16.4,135504,N
06:17.2,135780,N
06:17.9,136061,N
06:18.8,136350,N
06:19.5,136630,N
06:20.3,136899,N
06:21.0,137170,N
06:21.8,137449,N
06:22.6,137729,N
06:23.4,138008,N
06:24.2,138304,N
06:25.0,138598,N
06:25.8,138888,N
06:26.6,139164,N
06:27.3,139440,N
06:28.1,139719,N
06:28.9,140009,N
06:29.7,140302,N
06:30.6,140599,N
06:31.3,140881,N
06:32.1,141152,N
06:32.8,141423,N
06:33.6,141684,N
06:34.3,141943,N
06:35.0,142207,N
06:35.8,142479,N
06:36.5,142747,N
06:37.3,143010,N
06:38.0,143265,N
06:38.7,143515,N
06:39.4,143766,N
06:40.1,144025,N
06:40.8,144286,N
06:41.5,144557,N
06:42.3,144832,N
06:43.1,145111,N
06:43.8,145381,N
06:44.6,145647,N
06:45.3,145902,N
06:46.0,146170,N
06:46.8,146445,N
06:47.6,146737,N
06:48.4,147013,N
06:49.1,147290,N
06:49.9,147565,N
06:50.6,147832,N
06:51.4,148099,N
06:52.1,148363,N
06:52.9,148637,N
06:53.7,148916,N
06:54.5,149204,N
06:55.2,149488,N
06:56.0,149768,N
06:56.7,150030,N
06:57.5,150303,N
06:58.3,150575,N
06:59.0,150849,N
06:59.8,151122,N
07:00.6,151407,N
07:01.4,151700,N
07:02.2,151974,N
07:02.9,152237,N
07:03.6,152510,N
07:04.4,152781,N
07:05.2,153067,N
07:06.0,153362,N
07:06.8,153644,N
07:07.6,153922,N
07:08.3,154193,N
07:09.1,154470,N
07:09.8,154741,N
07:10.6,155009,N
07:11.4,155291,N
07:12.2,155588,N
07:13.0,155865,N
07:13.7,156132,N
07:14.4,156395,N
07:15.1,156648,N
07:15.8,156906,N
07:16.6,157168,N
07:17.3,157430,N
07:18.0,157695,N
07:18.8,157960,N
07:19.5,158233,N
07:20.2,158489,N
07:20.9,158730,N
07:21.6,158974,N
07:22.3,159225,N
07:23.0,159479,N
07:23.7,159738,N
07:24.4,160001,N
07:25.2,160260,N
07:25.9,160507,N
07:26.5,160755,N
07:27.2,161005,N
07:27.9,161254,N
07:28.6,161499,N
07:29.3,161764,N
07:30.1,162035,N
07:30.9,162308,N
07:31.6,162573,N
07:32.3,162835,N
07:33.0,163093,N
07:33.8,163362,N
07:34.5,163629,N
07:35.3,163899,N
07:36.1,164182,N
07:36.8,164461,N
07:37.6,164731,N
07:38.3,164991,N
07:39.0,165246,N
07:39.7,165499,N
07:40.4,165756,N
07:41.2,166032,N
07:41.9,166301,N
07:42.7,166570,N
07:43.4,166841,N
07:44.2,167111,N
07:44.9,167371,N
07:45.7,167641,N
07:46.4,167912,N
07:47.2,168191,N
07:48.0,168484,N
07:48.8,168784,N
07:49.6,169074,N
07:50.4,169349,N
07:51.2,169629,N
07:52.0,169907,N
07:52.8,170201,N
07:53.6,170495,N
07:54.2,170719,A
07:55.2,171074,N
07:56.0,171371,N
07:56.8,171652,N
07:57.6,171921,N
07:58.3,172199,N
07:59.1,172481,N
07:59.9,172776,N
08:00.7,173067,N
08:01.5,173351,N
08:02.3,173629,N
08:03.1,173907,N
08:03.8,174176,N
08:04.6,174451,N
08:05.4,174737,N
08:06.2,175023,N
08:07.0,175323,N
08:07.8,175608,N
08:08.5,175877,N
08:09.3,176145,N
08:10.1,176427,N
08:10.8,176698,N
08:11.6,176975,N
08:12.4,177248,N
08:13.1,177523,N
08:13.9,177797,N
08:14.6,178059,N
08:15.3,178316,N
08:16.1,178578,N
08:16.8,178841,N
08:17.5,179117,N
08:18.3,179388,N
08:19.1,179662,N
08:19.8,179927,N
08:20.5,180182,N
08:21.2,180443,N
08:22.0,180705,N
08:22.7,180964,N
08:23.4,181236,N
08:24.2,181523,N
08:25.0,181811,N
08:25.8,182084,N
08:26.5,182353,N
08:27.3,182624,N
08:28.0,182896,N
08:28.8,183181,N
08:29.7,183475,N
08:30.5,183778,N
08:31.3,184071,N
08:32.1,184361,N
08:32.9,184649,N
08:33.7,184933,N
08:34.5,185213,N
08:35.3,185510,N
08:36.2,185828,N
08:37.0,186137,N
08:37.9,186428,N
08:38.7,186717,N
08:39.5,187005,N
08:40.3,187291,N
08:41.0,187577,N
08:41.9,187872,N
08:42.7,188179,N
08:43.6,188481,N
08:44.3,188763,N
08:45.1,189043,N
08:45.9,189330,N
08:46.7,189624,N
08:47.6,189929,N
08:48.4,190228,N
08:49.2,190529,N
08:50.1,190820,N
08:50.9,191112,N
08:51.7,191395,N
08:52.4,191674,N
08:53.3,191977,N
08:54.1,192281,N
08:54.9,192575,N
08:55.7,192862,N
08:56.5,193146,N
08:57.3,193423,N
08:58.1,193703,N
08:58.9,193994,N
08:59.7,194281,N
09:00.5,194574,N
09:01.3,194868,N
09:02.1,195156,N
09:02.9,195426,N
09:03.6,195701,N
09:04.4,195978,N
09:05.2,196268,N
09:06.0,196560,N
09:06.8,196847,N
09:07.6,197132,N
09:08.4,197414,N
09:09.1,197685,N
09:09.9,197950,N
09:10.6,198224,N
09:11.4,198504,N
09:12.2,198791,N
09:13.0,199075,N
09:13.8,199353,N
09:14.5,199619,N
09:15.3,199894,N
09:16.0,200161,N
09:16.8,200434,N
09:17.5,200714,N
09:18.3,200993,N
09:19.1,201271,N
09:19.8,201545,N
09:20.6,201806,N
09:21.3,202067,N
09:22.1,202339,N
09:22.8,202614,N
09:23.6,202896,N
09:24.4,203182,N
09:25.2,203468,N
09:25.9,203741,N
09:26.7,204021,N
09:27.5,204299,N
09:28.3,204574,N
09:29.0,204854,N
09:29.9,205158,N
09:30.7,205459,N
09:31.5,205737,N
09:32.3,206016,N
09:33.0,206288,N
09:33.8,206567,N
09:34.6,206844,N
09:35.4,207130,N
09:36.2,207421,N
09:37.0,207724,N
09:37.8,208004,N
09:38.5,208277,N
09:39.3,208548,N
09:40.1,208822,N
09:40.8,209100,N
09:41.6,209392,N
09:42.5,209683,N
09:43.3,209973,N
09:44.0,210256,N
09:44.8,210534,N
09:45.6,210809,N
09:46.3,211085,N
09:47.1,211364,N
09:47.9,211654,N
09:48.8,211951,N
09:49.5,212228,N
09:50.3,212502,N
09:51.0,212777,N
09:51.8,213058,N
09:52.6,213326,N
09:53.4,213606,N
09:54.2,213894,N
09:54.9,214181,N
09:55.7,214465,N
09:56.5,214738,N
09:57.2,215005,N
09:58.0,215280,N
09:58.8,215563,N
09:59.6,215850,N
10:00.4,216141,N
10:01.2,216431,N
10:02.0,216710,N
10:02.8,216990,N
10:03.5,217268,N
10:04.3,217547,N
10:05.1,217824,N
10:05.9,218122,N
10:06.7,218416,N
10:07.5,218703,N
10:08.3,218972,N
10:09.0,219246,N
10:09.8,219529,N
10:10.6,219813,N
10:11.4,220098,N
10:12.2,220391,N
10:13.0,220691,N
10:13.8,220977,N
10:14.6,221252,N
10:15.4,221527,N
10:16.1,221804,N
10:16.9,222081,N
10:17.7,222375,N
10:18.5,222666,N
10:19.3,222951,N
10:20.1,223227,N
10:20.9,223507,N
10:21.6,223783,N
10:22.4,224047,N
10:23.1,224328,N
10:23.9,224621,N
10:24.8,224915,N
10:25.5,225195,N
10:26.3,225472,N
10:27.1,225743,N
10:27.8,226024,N
10:28.6,226296,N
10:29.4,226573,N
10:30.2,226863,N
10:31.0,227144,N
10:31.7,227427,N
10:32.5,227702,N
10:33.3,227975,N
10:34.0,228238,N
10:34.8,228516,N
10:35.6,228808,N
10:36.4,229094,N
10:37.2,229376,N
10:37.9,229660,N
10:38.7,229936,N
10:39.5,230214,N
10:40.2,230485,N
10:41.0,230761,N
10:41.8,231058,N
10:42.7,231357,N
10:43.4,231638,N
10:44.2,231913,N
10:45.0,232190,N
10:45.7,232459,N
10:46.5,232732,N
10:47.3,233016,N
10:48.1,233301,N
10:48.9,233588,N
10:49.7,233875,N
10:50.4,234151,N
10:51.2,234415,N
10:51.9,234684,N
10:52.7,234959,N
10:53.5,235249,N
10:54.3,235547,N
10:55.1,235828,N
10:55.9,236108,N
10:56.6,236390,N
10:57.4,236664,N
10:58.1,236927,N
10:58.9,237205,N
10:59.7,237495,N
11:00.5,237783,N
11:01.3,238070,N
11:02.1,238343,N
11:02.8,238610,N
11:03.6,238884,N
11:04.3,239157,N
11:05.1,239433,N
11:05.9,239717,N
11:06.7,239996,N
11:07.4,240266,N
11:08.2,240541,N
11:08.9,240809,N
11:09.6,241065,N
11:10.3,241318,N
11:11.1,241588,N
11:11.8,241855,N
11:12.5,242114,N
11:13.3,242373,N
11:14.0,242632,N
11:14.7,242879,N
11:15.4,243132,N
11:16.1,243388,N
11:16.8,243643,N
11:17.5,243908,N
11:18.3,244191,N
11:19.1,244461,N
11:19.8,244729,N
11:20.5,244984,N
11:21.2,245246,N
11:22.0,245515,N
11:22.8,245791,N
11:23.5,246065,N
11:24.3,246352,N
11:25.1,246647,N
11:25.9,246935,N
11:26.7,247201,N
11:27.4,247469,N
11:28.2,247742,N
11:28.9,248017,N
11:29.7,248300,N
11:30.5,248586,N
11:31.3,248878,N
11:32.1,249158,N
11:32.9,249433,N
11:33.6,249706,N
11:34.4,249988,N
11:35.2,250273,N
11:36.0,250558,N
11:36.8,250858,N
11:37.7,251160,N
11:38.4,251441,N
11:39.2,251710,N
11:40.0,251994,N
11:40.8,252285,N
11:41.6,252584,N
11:42.4,252868,N
11:43.2,253159,N
11:44.0,253456,N
11:44.8,253741,N
11:45.6,254010,N
11:46.3,254282,N
11:47.2,254585,N
11:48.0,254891,N
11:48.8,255170,N
11:49.6,255453,N
11:50.4,255738,N
11:51.2,256027,N
11:51.9,256295,N
11:52.7,256572,N
11:53.5,256860,N
11:54.3,257157,N
11:55.1,257439,N
11:55.9,257710,N
11:56.6,257966,N
11:57.3,258226,N
11:58.0,258478,N
11:58.7,258737,N
11:59.5,259005,N
12:00.2,259280,N
12:00.9,259541,N
12:01.7,259811,N
12:02.4,260076,N
12:03.2,260334,N
12:03.8,260585,N
12:04.6,260852,N
12:05.4,261132,N
12:06.2,261417,N
12:06.9,261690,N
12:07.7,261968,N
12:08.4,262241,N
12:09.2,262516,N
12:10.0,262789,N
12:10.7,263062,N
12:11.5,263350,N
12:12.3,263641,N
12:13.1,263931,N
12:13.9,264217,N
12:14.7,264499,N
12:15.5,264772,N
12:16.3,265062,N
12:17.1,265354,N
12:17.9,265651,N
12:18.7,265947,N
12:19.6,266238,N
12:20.4,266528,N
12:21.2,266815,N
12:21.9,267099,N
12:22.7,267375,N
12:23.6,267679,N
12:24.4,267978,N
12:25.2,268260,N
12:26.0,268544,N
12:26.7,268823,N
12:27.5,269102,N
12:28.3,269384,N
12:29.1,269669,N
12:29.9,269960,N
12:30.7,270257,N
12:31.5,270550,N
12:32.3,270821,N
12:33.0,271094,N
12:33.8,271370,N
12:34.6,271656,N
12:35.4,271952,N
12:36.2,272244,N
12:37.0,272533,N
12:37.9,272839,N
12:38.7,273123,N
12:39.4,273394,N
12:40.2,273675,N
12:41.0,273967,N
12:41.8,274264,N
12:42.7,274560,N
12:43.5,274852,N
12:44.3,275131,N
12:45.0,275403,N
12:45.8,275671,N
12:46.5,275949,N
12:47.3,276235,N
12:48.1,276516,N
12:48.9,276804,N
12:49.7,277102,N
12:50.5,277388,N
12:51.2,277649,N
12:52.0,277923,N
12:52.8,278211,N
12:53.7,278518,N
12:54.5,278814,N
12:55.3,279098,N
12:56.1,279382,N
12:56.6,279576,A
12:57.5,279918,N
12:58.4,280209,N
12:59.2,280511,N
13:00.0,280814,N
13:00.9,281110,N
13:01.7,281402,N
13:02.5,281682,N
13:03.2,281955,N
13:04.0,282232,N
13:04.8,282513,N
13:05.6,282801,N
13:06.4,283096,N
13:07.2,283389,N
13:08.0,283672,N
13:08.7,283944,N
13:09.5,284216,N
13:10.3,284491,N
13:11.1,284778,N
13:11.9,285073,N
13:12.7,285363,N
13:13.5,285653,N
13:14.3,285936,N
13:15.0,286210,N
13:15.8,286486,N
13:16.6,286763,N
13:17.4,287051,N
13:18.2,287353,N
13:19.0,287655,N
13:19.8,287944,N
13:20.6,288225,N
13:21.4,288506,N
13:22.2,288792,N
13:23.0,289076,N
13:23.8,289373,N
13:24.6,289667,N
13:25.5,289971,N
13:26.3,290257,N
13:27.0,290538,N
13:27.8,290813,N
13:28.6,291109,N
13:29.5,291407,N
13:30.3,291696,N
13:31.1,291990,N
13:31.9,292281,N
13:32.7,292566,N
13:33.5,292844,N
13:34.2,293123,N
13:35.0,293411,N
13:35.9,293712,N
13:36.7,294011,N
13:37.5,294296,N
13:38.3,294581,N
13:39.0,294857,N
13:39.8,295142,N
13:40.6,295421,N
13:41.4,295717,N
13:42.3,296013,N
13:43.1,296319,N
13:43.9,296611,N
13:44.7,296889,N
13:45.5,297169,N
13:46.2,297450,N
13:47.0,297738,N
13:47.9,298032,N
13:48.7,298334,N
13:49.5,298627,N
13:50.3,298920,N
13:51.1,299206,N
13:51.9,299483,N
13:52.7,299756,N
13:53.5,300051,N
13:54.3,300360,N
13:55.2,300662,N
13:55.9,300940,N
13:56.7,301210,N
13:57.5,301494,N
13:58.3,301781,N
13:59.1,302063,N
13:59.9,302347,N
14:00.7,302644,N
14:01.5,302947,N
14:02.3,303240,N
14:03.1,303503,N
14:03.8,303773,N
14:04.6,304065,N
14:05.4,304361,N
14:06.2,304639,N
14:07.0,304923,N
14:07.8,305211,N
14:08.6,305497,N
14:09.2,305709,A
14:10.1,306035,N
14:10.9,306337,N
14:11.8,306641,N
14:12.6,306943,N
14:13.4,307234,N
14:14.2,307514,N
14:14.8,307745,A
14:15.7,308062,N
14:16.5,308349,N
14:17.3,308625,N
14:18.1,308912,N
14:18.9,309216,N
14:19.8,309515,N
14:20.5,309780,N
14:21.3,310052,N
14:22.0,310332,N
14:22.8,310626,N
14:23.6,310914,N
14:24.4,311199,N
14:25.2,311488,N
14:26.1,311783,N
14:26.8,312062,N
14:27.6,312327,N
14:28.3,312605,N
14:29.0,312825,A
14:30.0,313193,N
14:30.9,313508,N
14:31.7,313808,N
14:32.5,314090,N
14:33.3,314373,N
14:34.1,314664,N
14:34.9,314952,N
14:35.7,315245,N
14:36.5,315541,N
14:37.3,315843,N
14:38.2,316136,N
14:38.9,316415,N
14:39.7,316693,N
14:40.5,316980,N
14:41.3,317266,N
14:42.1,317560,N
14:42.7,317785,A
14:43.7,318145,N
14:44.6,318438,N
14:45.4,318729,N
14:46.1,319011,N
14:46.7,319223,A
14:47.7,319586,N
14:48.6,319904,N
14:49.5,320205,N
14:50.3,320493,N
14:51.1,320786,N
14:51.9,321072,N
14:52.7,321371,N
14:53.5,321663,N
14:54.4,321968,N
14:55.2,322275,N
14:56.0,322573,N
14:56.8,322856,N
14:57.6,323138,N
14:58.4,323425,N
14:59.3,323730,N
15:00.1,324044,N
15:00.9,324340,N
15:01.8,324641,N
15:02.6,324929,N
15:03.4,325215,N
15:04.2,325495,N
15:04.9,325782,N
15:05.8,326088,N
15:06.7,326395,N
15:07.5,326698,N
15:08.3,326986,N
15:09.1,327276,N
15:09.9,327566,N
15:10.7,327858,N
15:11.5,328149,N
15:12.4,328452,N
15:13.2,328753,N
15:14.0,329056,N
15:14.8,329339,N
15:15.6,329619,N
15:16.4,329912,N
15:17.3,330216,N
15:18.1,330524,N
15:18.9,330819,N
15:19.8,331124,N
15:20.6,331411,N
15:21.4,331704,N
15:22.2,331989,N
15:23.0,332279,N
15:23.9,332588,N
15:24.7,332897,N
15:25.6,333199,N
15:26.3,333479,N
15:27.1,333768,N
15:27.9,334056,N
15:28.7,334348,N
15:29.6,334643,N
15:30.4,334943,N
15:31.2,335248,N
15:32.1,335543,N
15:32.8,335823,N
15:33.6,336100,N
15:34.4,336385,N
15:35.2,336679,N
15:36.1,336979,N
15:36.9,337281,N
15:37.7,337571,N
15:38.5,337862,N
15:39.3,338145,N
15:40.1,338432,N
15:40.9,338720,N
15:41.7,339025,N
15:42.6,339327,N
15:43.4,339634,N
15:44.2,339926,N
15:45.0,340205,N
15:45.8,340492,N
15:46.6,340780,N
15:47.4,341075,N
15:48.3,341379,N
15:49.1,341684,N
15:49.9,341974,N
15:50.7,342266,N
15:51.5,342547,N
15:52.3,342822,N
15:53.1,343115,N
15:53.9,343409,N
15:54.7,343705,N
15:55.5,343995,N
15:56.3,344279,N
15:57.1,344556,N
15:57.9,344843,N
15:58.7,345129,N
15:59.5,345415,N
16:00.3,345722,N
16:01.2,346017,N
16:02.0,346308,N
16:02.8,346596,N
16:03.3,346804,A
16:04.3,347147,N
16:05.1,347454,N
16:06.0,347759,N
16:06.8,348063,N
16:07.7,348367,N
16:08.5,348658,N
16:09.3,348934,N
16:10.1,349221,N
16:10.8,349502,N
16:11.7,349804,N
16:12.5,350112,N
16:13.4,350410,N
16:14.1,350692,N
16:14.9,350980,N
16:15.7,351265,N
16:16.3,351481,A
16:17.3,351821,N
16:18.1,352115,N
16:18.9,352416,N
16:19.8,352711,N
16:20.5,352986,N
16:21.3,353257,N
16:22.1,353547,N
16:22.9,353832,N
16:23.7,354128,N
16:24.5,354426,N
16:25.3,354717,N
16:26.2,355015,N
16:26.9,355302,N
16:27.7,355579,N
16:28.5,355858,N
16:29.3,356165,N
16:30.2,356463,N
16:31.0,356758,N
16:31.8,357045,N
16:32.6,357327,N
16:33.4,357610,N
16:34.2,357900,N
16:35.0,358186,N
16:35.8,358482,N
16:36.6,358788,N
16:37.5,359086,N
16:38.2,359365,N
16:39.0,359634,N
16:39.7,359903,N
16:40.5,360182,N
16:41.3,360471,N
16:42.1,360763,N
16:42.9,361051,N
16:43.7,361343,N
16:44.5,361625,N
16:45.3,361894,N
16:46.0,362162,N
16:46.8,362451,N
16:47.6,362732,N
16:48.4,363026,N
16:49.2,363318,N
16:50.0,363606,N
16:50.8,363878,N
16:51.5,364158,N
16:52.4,364446,N
16:53.1,364730,N
16:53.9,365022,N
16:54.8,365330,N
16:55.7,365640,N
16:56.4,365914,N
16:57.2,366191,N
16:58.0,366482,N
16:58.8,366778,N
16:59.6,367063,N
17:00.5,367363,N
17:01.3,367674,N
17:02.1,367960,N
17:02.9,368247,N
17:03.7,368531,N
17:04.5,368824,N
17:05.3,369109,N
17:06.1,369410,N
17:07.0,369714,N
17:07.8,370010,N
17:08.6,370279,N
17:09.3,370557,N
17:10.1,370842,N
17:10.9,371131,N
17:11.7,371406,N
17:12.5,371703,N
17:13.4,372007,N
17:14.2,372299,N
17:14.9,372557,N
17:15.7,372834,N
17:16.5,373123,N
17:17.3,373428,N
17:18.1,373712,N
17:18.9,374000,N
17:19.7,374303,N
17:20.5,374595,N
17:21.3,374855,N
17:22.0,375124,N
17:22.8,375412,N
17:23.7,375715,N
17:24.4,375998,N
17:25.2,376287,N
17:26.0,376576,N
17:26.8,376861,N
17:27.4,377081,A
17:28.3,377404,N
17:29.2,377700,N
17:30.0,378005,N
17:30.9,378308,N
17:31.7,378608,N
17:32.5,378886,N
17:33.2,379159,N
17:34.0,379439,N
17:34.8,379731,N
17:35.6,380023,N
17:36.4,380312,N
17:37.3,380610,N
17:38.0,380898,N
17:38.8,381173,N
17:39.6,381452,N
17:40.3,381724,N
17:41.2,382014,N
17:42.0,382308,N
17:42.8,382607,N
17:43.6,382895,N
17:44.4,383183,N
17:45.2,383457,N
17:46.0,383743,N
17:46.7,384027,N
17:47.5,384317,N
17:48.4,384614,N
17:49.2,384915,N
17:50.0,385205,N
17:50.8,385487,N
17:51.6,385768,N
17:52.4,386050,N
17:53.2,386349,N
17:54.0,386649,N
17:54.8,386941,N
17:55.7,387241,N
17:56.5,387533,N
17:57.3,387811,N
17:58.0,388084,N
17:58.8,388373,N
17:59.6,388671,N
18:00.5,388979,N
18:01.3,389277,N
18:02.1,389563,N
18:02.9,389860,N
18:03.7,390149,N
18:04.5,390434,N
18:05.4,390730,N
18:06.2,391039,N
18:07.1,391344,N
18:07.9,391641,N
18:08.7,391924,N
18:09.5,392204,N
18:10.3,392493,N
18:11.1,392780,N
18:11.9,393077,N
18:12.7,393377,N
18:13.5,393674,N
18:14.3,393957,N
18:15.1,394243,N
18:15.9,394519,N
18:16.7,394801,N
18:17.5,395096,N
18:18.3,395401,N
18:19.2,395697,N
18:20.0,395989,N
18:20.7,396268,N
18:21.5,396553,N
18:22.3,396845,N
18:23.1,397133,N
18:23.7,397335,A
18:24.7,397704,N
18:25.6,398007,N
18:26.4,398294,N
18:27.1,398569,N
18:27.9,398853,N
18:28.7,399139,N
18:29.5,399436,N
18:30.4,399730,N
18:31.2,400023,N
18:32.0,400321,N
18:32.8,400599,N
18:33.5,400877,N
18:34.3,401163,N
18:35.1,401453,N
18:36.0,401757,N
18:36.8,402061,N
18:37.7,402361,N
18:38.5,402646,N
18:39.3,402933,N
18:40.0,403215,N
18:40.9,403509,N
18:41.7,403804,N
18:42.5,404100,N
18:43.3,404403,N
18:44.2,404697,N
18:44.9,404980,N
18:45.7,405255,N
18:46.5,405543,N
18:47.3,405836,N
18:48.1,406131,N
18:49.0,406425,N
18:49.8,406715,N
18:50.6,407005,N
18:51.4,407288,N
18:52.1,407559,N
18:52.9,407849,N
18:53.8,408151,N
18:54.6,408452,N
18:55.4,408746,N
18:56.2,409030,N
18:57.0,409314,N
18:57.8,409597,N
18:58.6,409881,N
18:59.4,410177,N
19:00.2,410477,N
19:01.1,410781,N
19:01.9,411071,N
19:02.6,411352,N
19:03.4,411632,N
19:04.2,411915,N
19:05.0,412206,N
19:05.9,412512,N
19:06.7,412816,N
19:07.5,413109,N
19:08.3,413402,N
19:09.1,413692,N
19:09.9,413969,N
19:10.7,414249,N
19:11.5,414541,N
19:12.4,414847,N
19:13.2,415143,N
19:14.0,415430,N
19:14.7,415703,N
19:15.5,415994,N
19:16.3,416275,N
19:17.1,416555,N
19:17.9,416849,N
19:18.8,417152,N
19:19.6,417445,N
19:20.4,417728,N
19:21.1,418006,N
19:21.9,418283,N
19:22.7,418577,N
19:23.5,418866,N
19:24.3,419155,N
19:25.1,419453,N
19:26.0,419745,N
19:26.7,420022,N
19:27.5,420302,N
19:28.3,420583,N
19:29.1,420873,N
19:29.9,421173,N
19:30.8,421474,N
19:31.6,421766,N
19:32.2,421994,A
19:33.1,422320,N
19:33.9,422603,N
19:34.5,422818,A
19:35.5,423164,N
19:36.3,423462,N
19:37.1,423767,N
19:38.0,424064,N
19:38.7,424339,N
19:39.5,424616,N
19:40.3,424893,N
19:41.1,425188,N
19:41.9,425491,N
19:42.7,425788,N
19:43.6,426078,N
19:44.4,426380,N
19:45.2,426661,N
19:45.9,426938,N
19:46.7,427225,N
19:47.6,427523,N
19:48.4,427827,N
19:49.2,428129,N
19:50.0,428413,N
19:50.8,428698,N
19:51.6,428992,N
19:52.4,429276,N
19:53.2,429558,N
19:54.1,429867,N
19:54.9,430165,N
19:55.8,430470,N
19:56.5,430754,N
19:57.3,431034,N
19:58.1,431315,N
19:58.9,431615,N
19:59.7,431910,N
20:00.6,432209,N
20:01.4,432509,N
20:02.2,432799,N
20:03.0,433082,N
20:03.8,433364,N
20:04.6,433648,N
20:05.1,433841,A
20:06.1,434211,N
20:07.0,434513,N
20:07.8,434810,N
20:08.6,435096,N
20:09.4,435370,N
20:10.2,435658,N
20:11.0,435951,N
20:11.5,436149,A
20:12.5,436512,N
20:13.4,436819,N
20:14.2,437118,N
20:15.0,437400,N
20:15.8,437682,N
20:16.6,437965,N
20:17.4,438268,N
20:18.3,438570,N
20:19.1,438865,N
20:19.9,439158,N
20:20.7,439454,N
20:21.5,439740,N
20:22.3,440022,N
20:23.1,440312,N
20:23.9,440622,N
20:24.8,440934,N
20:25.6,441230,N
20:26.4,441518,N
20:27.3,441814,N
20:28.1,442109,N
20:28.9,442406,N
20:29.5,442623,A
20:30.5,442992,N
20:31.4,443304,N
20:32.2,443606,N
20:33.0,443888,N
20:33.8,444175,N
20:34.6,444473,N
20:35.3,444705,A
20:36.3,445060,N
20:37.1,445362,N
20:37.9,445658,N
20:38.7,445948,N
20:39.5,446226,N
20:40.3,446507,N
20:41.1,446800,N
20:42.0,447104,N
20:42.8,447402,N
20:43.6,447695,N
20:44.4,447980,N
20:45.2,448264,N
20:46.0,448548,N
20:46.8,448834,N
20:47.6,449137,N
20:48.4,449441,N
20:49.3,449748,N
20:50.1,450038,N
20:50.9,450325,N
20:51.7,450607,N
20:52.5,450895,N
20:53.3,451193,N
20:54.2,451501,N
20:55.0,451805,N
20:55.8,452101,N
20:56.6,452390,N
20:57.4,452678,N
20:58.2,452959,N
20:59.0,453250,N
20:59.8,453545,N
21:00.7,453852,N
21:01.5,454154,N
21:02.3,454444,N
21:02.9,454651,A
21:03.9,454997,N
21:04.7,455293,N
21:05.5,455588,N
21:06.4,455888,N
21:07.2,456189,N
21:08.0,456487,N
21:08.8,456771,N
21:09.6,457045,N
21:10.4,457333,N
21:11.2,457634,N
21:12.0,457937,N
21:12.7,458168,A
21:13.7,458524,N
21:14.5,458816,N
21:15.3,459103,N
21:16.1,459380,N
21:16.8,459664,N
21:17.7,459966,N
21:18.5,460275,N
21:19.4,460571,N
21:20.2,460858,N
21:21.0,461148,N
21:21.8,461433,N
21:22.6,461721,N
21:23.4,462014,N
21:24.2,462314,N
21:25.1,462621,N
21:25.9,462919,N
21:26.7,463197,N
21:27.4,463481,N
21:28.2,463765,N
21:29.0,464049,N
21:29.9,464361,N
21:30.7,464664,N
21:31.6,464960,N
21:32.4,465257,N
21:33.2,465538,N
21:33.9,465820,N
21:34.7,466104,N
21:35.6,466404,N
21:36.4,466707,N
21:37.2,467010,N
21:38.1,467308,N
21:38.9,467589,N
21:39.7,467878,N
21:40.5,468164,N
21:41.3,468459,N
21:42.1,468762,N
21:43.0,469065,N
21:43.8,469363,N
21:44.6,469660,N
21:45.4,469942,N
21:46.2,470230,N
21:47.0,470530,N
21:47.9,470837,N
21:48.7,471139,N
21:49.6,471444,N
21:50.4,471727,N
21:51.2,472019,N
21:52.0,472304,N
21:52.7,472589,N
21:53.6,472887,N
21:54.4,473201,N
21:55.3,473498,N
21:56.1,473792,N
21:56.9,474074,N
21:57.7,474362,N
21:58.5,474652,N
21:59.3,474942,N
22:00.1,475237,N
22:01.0,475547,N
22:01.8,475851,N
22:02.6,476136,N
22:03.4,476417,N
22:04.2,476705,N
22:05.0,477000,N
22:05.9,477307,N
22:06.7,477604,N
22:07.5,477898,N
22:08.3,478195,N
22:09.1,478480,N
22:09.9,478757,N
22:10.7,479040,N
22:11.5,479332,N
22:12.3,479633,N
22:13.1,479931,N
22:13.9,480218,N
22:14.7,480494,N
22:15.5,480779,N
22:16.3,481057,N
22:17.1,481340,N
22:17.9,481641,N
22:18.7,481941,N
22:19.6,482239,N
22:20.3,482525,N
22:21.1,482801,N
22:21.9,483071,N
22:22.6,483350,N
22:23.4,483634,N
22:24.3,483930,N
22:25.1,484220,N
22:25.9,484507,N
22:26.6,484786,N
22:27.4,485073,N
22:28.2,485352,N
22:29.0,485641,N
22:29.8,485939,N
22:30.7,486253,N
22:31.5,486556,N
22:32.3,486844,N
22:33.1,487129,N
22:34.0,487423,N
22:34.8,487719,N
22:35.6,488018,N
22:36.4,488320,N
22:37.3,488635,N
22:38.1,488931,N
22:38.9,489214,N
22:39.7,489497,N
22:40.5,489788,N
22:41.4,490090,N
22:42.2,490393,N
22:43.0,490695,N
22:43.9,490994,N
22:44.7,491287,N
22:45.5,491570,N
22:46.3,491850,N
22:47.1,492145,N
22:47.9,492445,N
22:48.7,492750,N
22:49.6,493046,N
22:50.4,493340,N
22:51.2,493623,N
22:52.0,493914,N
22:52.8,494199,N
22:53.6,494491,N
22:54.4,494789,N
22:55.2,495085,N
22:56.0,495370,N
22:56.8,495649,N
22:57.6,495924,N
22:58.3,496201,N
22:59.2,496499,N
22:59.8,496712,A
23:00.8,497074,N
23:01.6,497376,N
23:02.4,497664,N
23:03.2,497945,N
23:04.0,498230,N
23:04.8,498517,N
23:05.6,498812,N
23:06.4,499114,N
23:07.3,499417,N
23:08.1,499701,N
23:08.9,499987,N
23:09.6,500268,N
23:10.4,500549,N
23:11.2,500847,N
23:12.1,501145,N
23:12.9,501448,N
23:13.7,501745,N
23:14.6,502039,N
23:15.3,502316,N
23:16.1,502601,N
23:16.9,502888,N
23:17.8,503191,N
23:18.6,503496,N
23:19.4,503794,N
23:20.2,504080,N
23:21.0,504372,N
23:21.8,504654,N
23:22.6,504936,N
23:23.4,505227,N
23:24.2,505528,N
23:25.1,505830,N
23:25.9,506125,N
23:26.7,506398,N
23:27.4,506679,N
23:28.2,506969,N
23:29.0,507256,N
23:29.9,507552,N
23:30.7,507855,N
23:31.6,508159,N
23:32.4,508455,N
23:33.2,508744,N
23:33.9,509019,N
23:34.8,509319,N
23:35.6,509623,N
23:36.5,509923,N
23:37.3,510220,N
23:38.1,510520,N
23:38.9,510804,N
23:39.7,511093,N
23:40.5,511371,N
23:41.3,511660,N
23:42.1,511970,N
23:43.0,512277,N
23:43.8,512567,N
23:44.6,512851,N
23:45.4,513135,N
23:46.2,513424,N
23:47.0,513719,N
23:47.8,514014,N
23:48.7,514318,N
23:49.5,514628,N
23:50.3,514919,N
23:51.1,515194,N
23:51.9,515476,N
23:52.7,515762,N
23:53.5,516065,N
23:54.4,516371,N
23:55.2,516667,N
23:56.0,516970,N
23:56.9,517266,N
23:57.6,517553,N
23:58.4,517832,N
23:59.2,518127,N
24:00.1,518426,N
24:00.9,518734,N
24:01.7,519028,N
24:02.5,519307,N
24:03.3,519594,N
24:04.1,519882,N
24:04.9,520149,N
24:05.7,520463,N
24:06.6,520768,N
24:07.2,520982,A
24:08.2,521342,N
24:09.0,521627,N
24:09.8,521913,N
24:10.6,522209,N
24:11.4,522511,N
24:12.3,522815,N
24:13.1,523116,N
24:13.9,523416,N
24:14.7,523708,N
24:15.6,523999,N
24:16.3,524279,N
24:17.2,524577,N
24:18.0,524890,N
24:18.9,525198,N
24:19.7,525492,N
24:20.5,525780,N
24:21.3,526064,N
24:22.1,526355,N
24:22.9,526646,N
24:23.7,526941,N
24:24.6,527243,N
24:25.4,527549,N
24:26.2,527838,N
24:27.0,528118,N
24:27.8,528402,N
24:28.6,528689,N
24:29.4,528991,N
24:30.3,529293,N
24:31.1,529599,N
24:31.9,529897,N
24:32.8,530191,N
24:33.5,530471,N
24:34.3,530762,N
24:35.2,531057,N
24:36.0,531358,N
24:36.9,531668,N
24:37.7,531967,N
24:38.5,532257,N
24:39.3,532544,N
24:40.1,532828,N
24:40.9,533121,N
24:41.7,533416,N
24:42.6,533719,N
24:43.4,534012,N
24:44.2,534307,N
24:45.0,534592,N
24:45.8,534873,N
24:46.6,535161,N
24:47.4,535459,N
24:48.2,535768,N
24:49.1,536067,N
24:49.9,536364,N
24:50.7,536644,N
24:51.5,536930,N
24:52.3,537212,N
24:53.1,537505,N
24:53.9,537810,N
24:54.8,538115,N
24:55.6,538421,N
24:56.4,538707,N
24:57.2,538993,N
24:58.0,539278,N
24:58.8,539575,N
24:59.6,539874,N
25:00.5,540172,N
25:01.3,540472,N
25:02.1,540768,N
25:02.9,541052,N
25:03.7,541334,N
25:04.5,541616,N
25:05.3,541916,N
25:06.2,542226,N
25:07.0,542529,N
25:07.8,542825,N
25:08.7,543116,N
25:09.5,543407,N
25:10.2,543689,N
25:11.1,543983,N
25:11.9,544285,N
25:12.8,544590,N
25:13.6,544895,N
25:14.4,545182,N
25:15.2,545455,N
25:15.9,545741,N
25:16.7,546022,N
25:17.5,546306,N
25:18.3,546599,N
25:18.9,546792,V
25:20.0,547199,N
25:20.8,547482,N
25:21.6,547758,N
25:22.3,548032,N
25:23.2,548334,N
25:24.0,548632,N
25:24.8,548926,N
25:25.6,549217,N
25:26.4,549502,N
25:27.2,549784,N
25:28.0,550070,N
25:28.7,550348,N
25:29.6,550639,N
25:30.4,550952,N
25:31.3,551253,N
25:32.0,551532,N
25:32.8,551815,N
25:33.6,552096,N
25:34.4,552385,N
25:35.2,552680,N
25:36.0,552974,N
25:36.9,553282,N
25:37.7,553588,N
25:38.5,553876,N
25:39.3,554154,N
25:40.1,554439,N
25:40.9,554723,N
25:41.7,555026,N
25:42.6,555323,N
25:43.4,555613,N
25:44.2,555914,N
25:45.0,556203,N
25:45.8,556486,N
25:46.6,556765,N
25:47.4,557056,N
25:48.2,557361,N
25:49.1,557667,N
25:49.9,557962,N
25:50.7,558238,N
25:51.5,558527,N
25:52.3,558813,N
25:53.1,559102,N
25:53.9,559395,N
25:54.7,559695,N
25:55.5,559997,N
25:56.4,560295,N
25:57.2,560576,N
25:57.9,560846,N
25:58.7,561141,N
25:59.5,561435,N
26:00.4,561732,N
26:01.2,562019,N
26:02.0,562308,N
26:02.8,562591,N
26:03.4,562812,A
26:04.3,563141,N
26:05.1,563423,N
26:05.9,563731,N
26:06.7,564030,N
26:07.6,564320,N
26:08.3,564601,N
26:09.1,564883,N
26:09.9,565164,N
26:10.7,565452,N
26:11.5,565741,N
26:12.3,566041,N
26:12.9,566259,A
26:13.9,566615,N
26:14.7,566899,N
26:15.5,567185,N
26:16.1,567379,A
26:17.0,567721,N
26:17.9,568027,N
26:18.7,568326,N
26:19.5,568624,N
26:20.3,568919,N
26:21.1,569204,N
26:21.9,569482,N
26:22.7,569762,N
26:23.5,570058,N
26:24.4,570366,N
26:25.2,570668,N
26:26.0,570957,N
26:26.8,571246,N
26:27.6,571538,N
26:28.4,571831,N
26:29.2,572122,N
26:30.1,572428,N
26:30.9,572730,N
26:31.8,573040,N
26:32.6,573328,N
26:33.4,573608,N
26:34.1,573893,N
26:35.0,574193,N
26:35.6,574429,A
26:36.6,574786,N
26:37.5,575095,N
26:38.3,575387,N
26:39.1,575678,N
26:39.9,575959,N
26:40.7,576248,N
26:41.5,576551,N
26:42.4,576862,N
26:43.2,577162,N
26:44.0,577456,N
26:44.8,577741,N
26:45.6,578025,N
26:46.4,578310,N
26:47.2,578600,N
26:48.1,578901,N
26:48.9,579204,N
26:49.6,579448,A
26:50.5,579790,N
26:51.3,580074,N
26:52.1,580357,N
26:52.9,580648,N
26:53.7,580947,N
26:54.6,581246,N
26:55.4,581543,N
26:56.2,581834,N
26:57.0,582119,N
26:57.8,582395,N
26:58.5,582668,N
26:59.2,582919,N
27:00.1,583239,N
27:00.9,583539,N
27:01.7,583821,N
27:02.5,584097,N
27:03.2,584363,N
27:04.0,584635,N
27:04.7,584903,N
27:05.5,585175,N
27:06.3,585454,N
27:07.0,585731,N
27:07.8,586011,N
27:08.5,586275,N
27:09.2,586525,N
27:09.9,586771,N
27:10.6,587030,N
27:11.4,587299,N
27:12.1,587572,N
27:12.9,587843,N
27:13.6,588113,N
27:14.4,588377,N
27:15.1,588643,N
27:15.8,588905,N
27:16.6,589177,N
27:17.4,589454,N
27:18.2,589747,N
27:19.0,590040,N
27:19.8,590316,N
27:20.5,590588,N
27:21.3,590863,N
27:22.1,591143,N
27:22.8,591417,N
27:23.6,591706,N
27:24.4,591999,N
27:25.2,592288,N
27:26.0,592571,N
27:26.8,592853,N
27:27.4,593068,A
27:28.3,593387,N
27:29.1,593683,N
27:30.0,593990,N
27:30.8,594280,N
27:31.6,594563,N
27:32.4,594855,N
27:33.1,595127,N
27:33.9,595402,N
27:34.7,595690,N
27:35.5,595992,N
27:36.3,596278,N
27:37.2,596584,N
27:38.0,596879,N
27:38.7,597136,N
27:39.5,597402,N
27:40.2,597670,N
27:40.9,597925,N
27:41.6,598186,N
27:42.4,598458,N
27:43.1,598713,N
27:43.8,598969,N
27:44.5,599222,N
27:45.2,599468,N
27:45.8,599703,N
27:46.5,599952,N
27:47.3,600214,N
27:48.0,600483,N
27:48.7,600739,N
27:49.5,601011,N
27:50.2,601273,N
27:50.9,601537,N
27:51.7,601799,N
27:52.4,602064,N
27:53.1,602330,N
27:53.9,602610,N
27:54.7,602893,N
27:55.5,603179,N
27:56.3,603455,N
27:57.0,603722,N
27:57.7,603989,N
27:58.5,604277,N
27:59.3,604564,N
28:00.1,604844,N
28:01.0,605148,N
28:01.8,605459,N
28:02.6,605737,N
28:03.4,606008,N
28:04.1,606293,N
28:05.0,606587,N
28:05.8,606880,N
28:06.6,607178,N
28:07.4,607475,N
28:08.2,607766,N
28:09.0,608043,N
28:09.7,608309,N
28:10.5,608576,N
28:11.3,608853,N
28:12.0,609136,N
28:12.8,609425,N
28:13.7,609715,N
28:14.4,609987,N
28:15.2,610262,N
28:16.0,610544,N
28:16.7,610823,N
28:17.5,611108,N
28:18.3,611399,N
28:19.2,611695,N
28:20.0,611986,N
28:20.7,612263,N
28:21.5,612539,N
28:22.3,612819,N
28:23.1,613108,N
28:23.9,613399,N
28:24.7,613693,N
28:25.5,613983,N
28:26.3,614259,N
28:27.1,614539,N
28:27.8,614816,N
28:28.6,615089,N
28:29.4,615370,N
28:30.2,615676,N
28:31.0,615968,N
28:31.8,616250,N
28:32.6,616526,N
28:33.3,616803,N
28:34.1,617086,N
28:34.9,617366,N
28:35.7,617655,N
28:36.5,617949,N
28:37.4,618248,N
28:38.1,618528,N
28:38.9,618804,N
28:39.7,619081,N
28:40.5,619362,N
28:41.3,619653,N
28:42.1,619951,N
28:42.9,620249,N
28:43.7,620541,N
28:44.5,620826,N
28:45.3,621102,N
28:46.1,621379,N
28:46.8,621661,N
28:47.6,621944,N
28:48.5,622247,N
28:49.3,622541,N
28:50.1,622823,N
28:50.8,623089,N
28:51.6,623367,N
28:52.3,623638,N
28:53.1,623917,N
28:53.9,624191,N
28:54.7,624482,N
28:55.5,624765,N
28:56.2,625048,N
28:57.0,625309,N
28:57.7,625579,N
28:58.5,625853,N
28:59.3,626138,N
29:00.1,626427,N
29:00.9,626715,N
29:01.7,627000,N
29:02.4,627281,N
29:03.2,627555,N
29:04.0,627827,N
29:04.7,628103,N
29:05.5,628391,N
29:06.4,628688,N
29:07.2,628981,N
29:07.7,629171,A
29:08.6,629494,N
29:09.3,629761,N
29:10.1,630027,N
29:10.8,630289,N
29:11.6,630561,N
29:12.3,630836,N
29:13.1,631110,N
29:13.8,631377,N
29:14.5,631636,N
29:15.3,631898,N
29:16.0,632156,N
29:16.7,632414,N
29:17.5,632688,N
29:18.2,632958,N
29:19.0,633229,N
29:19.7,633498,N
29:20.5,633768,N
29:21.2,634028,N
29:21.9,634283,N
29:22.6,634545,N
29:23.4,634826,N
29:24.2,635107,N
29:25.0,635394,N
29:25.8,635684,N
29:26.6,635966,N
29:27.3,636238,N
29:28.1,636520,N
29:28.9,636811,N
29:29.7,637105,N
29:30.6,637399,N
29:31.4,637704,N
29:32.2,637997,N
29:33.0,638282,N
29:33.8,638560,N
29:34.6,638846,N
29:35.4,639140,N
29:36.2,639446,N
29:37.1,639744,N
29:37.9,640039,N
29:38.7,640329,N
29:39.5,640615,N
29:40.3,640900,N
29:41.0,641178,N
29:41.9,641479,N
29:42.7,641777,N
29:43.5,642065,N
29:44.3,642337,N
29:45.0,642614,N
29:45.8,642887,N
29:46.6,643164,N
29:47.3,643439,N
29:48.1,643721,N
29:48.9,644005,N
29:49.7,644286,N
29:50.4,644547,N
29:51.1,644807,N
29:51.8,645063,N
29:52.6,645320,N
29:53.3,645581,N
29:54.1,645863,N
29:54.8,646132,N
29:55.5,646393,N
29:56.3,646658,N
29:57.0,646916,N
29:57.7,647168,N
29:58.4,647414,N
29:59.1,647672,N
29:59.8,647934,N
30:00.6,648203,N
30:01.3,648477,N
30:02.0,648733,N
30:02.7,648978,N
30:03.4,649232,N
30:04.1,649484,N
30:04.8,649734,N
30:05.5,649991,N
